1/1/2019 5:00:00 AM,18.975903
1/1/2019 6:00:00 AM,18.81283
1/1/2019 7:00:00 AM,18.587366
1/1/2019 8:00:00 AM,18.415584
1/1/2019 9:00:00 AM,18.584171
1/1/2019 10:00:00 AM,18.729351
1/1/2019 11:00:00 AM,19.322371
1/1/2019 12:00:00 PM,20.317504
1/1/2019 1:00:00 PM,21.040017
1/1/2019 2:00:00 PM,21.40746
1/1/2019 3:00:00 PM,22.475452
1/1/2019 4:00:00 PM,22.184297
1/1/2019 5:00:00 PM,22.204442
1/1/2019 6:00:00 PM,21.821191
1/1/2019 7:00:00 PM,21.666148
1/1/2019 8:00:00 PM,22.112124
1/1/2019 9:00:00 PM,23.868422
1/1/2019 10:00:00 PM,28.034539
1/1/2019 11:00:00 PM,27.81378
1/2/2019 12:00:00 AM,27.657444
1/2/2019 1:00:00 AM,27.077263
1/2/2019 2:00:00 AM,25.649738
1/2/2019 3:00:00 AM,23.681297
1/2/2019 4:00:00 AM,22.393402
1/2/2019 5:00:00 AM,22.638692
1/2/2019 6:00:00 AM,22.353091
1/2/2019 7:00:00 AM,22.386126
1/2/2019 8:00:00 AM,22.161664
1/2/2019 9:00:00 AM,22.462853
1/2/2019 10:00:00 AM,24.028264
1/2/2019 11:00:00 AM,29.60535
1/2/2019 12:00:00 PM,30.428958
1/2/2019 1:00:00 PM,30.901339
1/2/2019 2:00:00 PM,32.662497
1/2/2019 3:00:00 PM,31.603157
1/2/2019 4:00:00 PM,30.302718
1/2/2019 5:00:00 PM,29.128134
1/2/2019 6:00:00 PM,28.231628
1/2/2019 7:00:00 PM,27.353097
1/2/2019 8:00:00 PM,27.131128
1/2/2019 9:00:00 PM,30.237745
1/2/2019 10:00:00 PM,39.602881
1/2/2019 11:00:00 PM,34.207477
1/3/2019 12:00:00 AM,33.397771
1/3/2019 1:00:00 AM,30.539537
1/3/2019 2:00:00 AM,29.044097
1/3/2019 3:00:00 AM,26.155075
1/3/2019 4:00:00 AM,23.994026
1/3/2019 5:00:00 AM,21.919977
1/3/2019 6:00:00 AM,20.856262
1/3/2019 7:00:00 AM,20.841786
1/3/2019 8:00:00 AM,20.608413
1/3/2019 9:00:00 AM,21.100549
1/3/2019 10:00:00 AM,22.77536
1/3/2019 11:00:00 AM,26.930603
1/3/2019 12:00:00 PM,27.971216
1/3/2019 1:00:00 PM,27.571962
1/3/2019 2:00:00 PM,27.574659
1/3/2019 3:00:00 PM,27.004146
1/3/2019 4:00:00 PM,26.498426
1/3/2019 5:00:00 PM,25.862299
1/3/2019 6:00:00 PM,25.44998
1/3/2019 7:00:00 PM,24.905312
1/3/2019 8:00:00 PM,24.565515
1/3/2019 9:00:00 PM,26.496023
1/3/2019 10:00:00 PM,30.738143
1/3/2019 11:00:00 PM,28.748141
1/4/2019 12:00:00 AM,28.734483
1/4/2019 1:00:00 AM,27.923781
1/4/2019 2:00:00 AM,26.003225
1/4/2019 3:00:00 AM,24.46196
1/4/2019 4:00:00 AM,22.61759
1/4/2019 5:00:00 AM,20.120221
1/4/2019 6:00:00 AM,19.509619
1/4/2019 7:00:00 AM,19.464454
1/4/2019 8:00:00 AM,19.538318
1/4/2019 9:00:00 AM,20.608817
1/4/2019 10:00:00 AM,22.720791
1/4/2019 11:00:00 AM,26.744035
1/4/2019 12:00:00 PM,28.016157
1/4/2019 1:00:00 PM,26.879577
1/4/2019 2:00:00 PM,27.211309
1/4/2019 3:00:00 PM,25.864106
1/4/2019 4:00:00 PM,25.035344
1/4/2019 5:00:00 PM,24.614414
1/4/2019 6:00:00 PM,24.249316
1/4/2019 7:00:00 PM,23.527444
1/4/2019 8:00:00 PM,23.140265
1/4/2019 9:00:00 PM,25.006201
1/4/2019 10:00:00 PM,27.302434
1/4/2019 11:00:00 PM,26.455602
1/5/2019 12:00:00 AM,25.403804
1/5/2019 1:00:00 AM,24.160105
1/5/2019 2:00:00 AM,22.991973
1/5/2019 3:00:00 AM,21.656507
1/5/2019 4:00:00 AM,19.721282
1/5/2019 5:00:00 AM,20.495894
1/5/2019 6:00:00 AM,19.503824
1/5/2019 7:00:00 AM,19.114778
1/5/2019 8:00:00 AM,19.114431
1/5/2019 9:00:00 AM,19.128021
1/5/2019 10:00:00 AM,19.481983
1/5/2019 11:00:00 AM,20.621402
1/5/2019 12:00:00 PM,22.587116
1/5/2019 1:00:00 PM,24.569292
1/5/2019 2:00:00 PM,25.386213
1/5/2019 3:00:00 PM,25.105469
1/5/2019 4:00:00 PM,23.974245
1/5/2019 5:00:00 PM,22.706346
1/5/2019 6:00:00 PM,21.834821
1/5/2019 7:00:00 PM,21.059306
1/5/2019 8:00:00 PM,20.804176
1/5/2019 9:00:00 PM,22.205352
1/5/2019 10:00:00 PM,26.432524
1/5/2019 11:00:00 PM,25.301316
1/6/2019 12:00:00 AM,24.332728
1/6/2019 1:00:00 AM,23.588635
1/6/2019 2:00:00 AM,22.978059
1/6/2019 3:00:00 AM,21.890398
1/6/2019 4:00:00 AM,19.7516
1/6/2019 5:00:00 AM,19.641772
1/6/2019 6:00:00 AM,19.558069
1/6/2019 7:00:00 AM,19.191012
1/6/2019 8:00:00 AM,19.135477
1/6/2019 9:00:00 AM,19.148314
1/6/2019 10:00:00 AM,19.306684
1/6/2019 11:00:00 AM,19.437836
1/6/2019 12:00:00 PM,20.945023
1/6/2019 1:00:00 PM,21.933419
1/6/2019 2:00:00 PM,22.310592
1/6/2019 3:00:00 PM,22.053221
1/6/2019 4:00:00 PM,21.420892
1/6/2019 5:00:00 PM,21.105456
1/6/2019 6:00:00 PM,20.306317
1/6/2019 7:00:00 PM,20.020783
1/6/2019 8:00:00 PM,20.218068
1/6/2019 9:00:00 PM,22.79319
1/6/2019 10:00:00 PM,27.128366
1/6/2019 11:00:00 PM,27.346439
1/7/2019 12:00:00 AM,26.60995
1/7/2019 1:00:00 AM,26.247667
1/7/2019 2:00:00 AM,24.479688
1/7/2019 3:00:00 AM,22.103657
1/7/2019 4:00:00 AM,21.368658
1/7/2019 5:00:00 AM,19.082766
1/7/2019 6:00:00 AM,18.901543
1/7/2019 7:00:00 AM,18.778023
1/7/2019 8:00:00 AM,18.811532
1/7/2019 9:00:00 AM,19.77554
1/7/2019 10:00:00 AM,21.930508
1/7/2019 11:00:00 AM,27.020602
1/7/2019 12:00:00 PM,32.488619
1/7/2019 1:00:00 PM,29.567248
1/7/2019 2:00:00 PM,29.352131
1/7/2019 3:00:00 PM,27.938052
1/7/2019 4:00:00 PM,27.156535
1/7/2019 5:00:00 PM,25.018909
1/7/2019 6:00:00 PM,23.945343
1/7/2019 7:00:00 PM,23.456227
1/7/2019 8:00:00 PM,23.161635
1/7/2019 9:00:00 PM,25.987234
1/7/2019 10:00:00 PM,32.989025
1/7/2019 11:00:00 PM,30.76198
1/8/2019 12:00:00 AM,28.7689
1/8/2019 1:00:00 AM,27.382359
1/8/2019 2:00:00 AM,25.393112
1/8/2019 3:00:00 AM,22.188924
1/8/2019 4:00:00 AM,20.386187
1/8/2019 5:00:00 AM,18.975376
1/8/2019 6:00:00 AM,18.744789
1/8/2019 7:00:00 AM,18.574304
1/8/2019 8:00:00 AM,18.532147
1/8/2019 9:00:00 AM,18.675796
1/8/2019 10:00:00 AM,20.041502
1/8/2019 11:00:00 AM,24.030961
1/8/2019 12:00:00 PM,26.608582
1/8/2019 1:00:00 PM,24.877624
1/8/2019 2:00:00 PM,24.284443
1/8/2019 3:00:00 PM,24.078987
1/8/2019 4:00:00 PM,23.261241
1/8/2019 5:00:00 PM,22.451168
1/8/2019 6:00:00 PM,22.078619
1/8/2019 7:00:00 PM,21.769309
1/8/2019 8:00:00 PM,21.554165
1/8/2019 9:00:00 PM,23.311692
1/8/2019 10:00:00 PM,27.950726
1/8/2019 11:00:00 PM,26.86654
1/9/2019 12:00:00 AM,25.324146
1/9/2019 1:00:00 AM,23.61671
1/9/2019 2:00:00 AM,22.463951
1/9/2019 3:00:00 AM,20.664091
1/9/2019 4:00:00 AM,19.246548
1/9/2019 5:00:00 AM,18.921571
1/9/2019 6:00:00 AM,18.836145
1/9/2019 7:00:00 AM,18.576106
1/9/2019 8:00:00 AM,18.714949
1/9/2019 9:00:00 AM,19.210184
1/9/2019 10:00:00 AM,20.572223
1/9/2019 11:00:00 AM,26.014504
1/9/2019 12:00:00 PM,27.849151
1/9/2019 1:00:00 PM,25.82467
1/9/2019 2:00:00 PM,25.407989
1/9/2019 3:00:00 PM,26.255485
1/9/2019 4:00:00 PM,25.933513
1/9/2019 5:00:00 PM,25.455062
1/9/2019 6:00:00 PM,24.80787
1/9/2019 7:00:00 PM,24.423996
1/9/2019 8:00:00 PM,24.620405
1/9/2019 9:00:00 PM,26.704685
1/9/2019 10:00:00 PM,38.24533
1/9/2019 11:00:00 PM,35.644277
1/10/2019 12:00:00 AM,33.474036
1/10/2019 1:00:00 AM,32.175713
1/10/2019 2:00:00 AM,30.320399
1/10/2019 3:00:00 AM,26.616135
1/10/2019 4:00:00 AM,24.886159
1/10/2019 5:00:00 AM,24.063353
1/10/2019 6:00:00 AM,23.59994
1/10/2019 7:00:00 AM,23.602476
1/10/2019 8:00:00 AM,23.710755
1/10/2019 9:00:00 AM,24.218002
1/10/2019 10:00:00 AM,27.871784
1/10/2019 11:00:00 AM,38.053856
1/10/2019 12:00:00 PM,42.258768
1/10/2019 1:00:00 PM,37.388677
1/10/2019 2:00:00 PM,32.330622
1/10/2019 3:00:00 PM,36.007277
1/10/2019 4:00:00 PM,32.153928
1/10/2019 5:00:00 PM,30.594513
1/10/2019 6:00:00 PM,29.932968
1/10/2019 7:00:00 PM,28.444586
1/10/2019 8:00:00 PM,28.093563
1/10/2019 9:00:00 PM,32.436894
1/10/2019 10:00:00 PM,47.35425
1/10/2019 11:00:00 PM,46.566176
1/11/2019 12:00:00 AM,41.867939
1/11/2019 1:00:00 AM,40.831312
1/11/2019 2:00:00 AM,38.290113
1/11/2019 3:00:00 AM,35.11168
1/11/2019 4:00:00 AM,29.661099
1/11/2019 5:00:00 AM,30.093665
1/11/2019 6:00:00 AM,30.06753
1/11/2019 7:00:00 AM,29.859765
1/11/2019 8:00:00 AM,30.564431
1/11/2019 9:00:00 AM,31.349942
1/11/2019 10:00:00 AM,34.057166
1/11/2019 11:00:00 AM,44.86317
1/11/2019 12:00:00 PM,49.874711
1/11/2019 1:00:00 PM,43.811885
1/11/2019 2:00:00 PM,37.243829
1/11/2019 3:00:00 PM,36.573444
1/11/2019 4:00:00 PM,32.397986
1/11/2019 5:00:00 PM,30.151244
1/11/2019 6:00:00 PM,29.538395
1/11/2019 7:00:00 PM,29.047082
1/11/2019 8:00:00 PM,28.971404
1/11/2019 9:00:00 PM,32.143521
1/11/2019 10:00:00 PM,40.767098
1/11/2019 11:00:00 PM,38.567345
1/12/2019 12:00:00 AM,36.283496
1/12/2019 1:00:00 AM,34.940933
1/12/2019 2:00:00 AM,33.311738
1/12/2019 3:00:00 AM,32.191297
1/12/2019 4:00:00 AM,29.629189
1/12/2019 5:00:00 AM,29.637931
1/12/2019 6:00:00 AM,28.705528
1/12/2019 7:00:00 AM,27.320131
1/12/2019 8:00:00 AM,27.079229
1/12/2019 9:00:00 AM,26.715843
1/12/2019 10:00:00 AM,27.373242
1/12/2019 11:00:00 AM,29.28844
1/12/2019 12:00:00 PM,32.081314
1/12/2019 1:00:00 PM,33.756849
1/12/2019 2:00:00 PM,33.646811
1/12/2019 3:00:00 PM,31.093653
1/12/2019 4:00:00 PM,29.839992
1/12/2019 5:00:00 PM,28.629702
1/12/2019 6:00:00 PM,27.204114
1/12/2019 7:00:00 PM,26.969896
1/12/2019 8:00:00 PM,26.836233
1/12/2019 9:00:00 PM,28.898661
1/12/2019 10:00:00 PM,31.459349
1/12/2019 11:00:00 PM,30.144848
1/13/2019 12:00:00 AM,28.812878
1/13/2019 1:00:00 AM,27.279209
1/13/2019 2:00:00 AM,26.738631
1/13/2019 3:00:00 AM,26.04078
1/13/2019 4:00:00 AM,25.047155
1/13/2019 5:00:00 AM,24.543603
1/13/2019 6:00:00 AM,24.359528
1/13/2019 7:00:00 AM,23.766075
1/13/2019 8:00:00 AM,23.464925
1/13/2019 9:00:00 AM,23.17524
1/13/2019 10:00:00 AM,23.354984
1/13/2019 11:00:00 AM,24.483314
1/13/2019 12:00:00 PM,24.841422
1/13/2019 1:00:00 PM,26.829639
1/13/2019 2:00:00 PM,27.700562
1/13/2019 3:00:00 PM,27.879273
1/13/2019 4:00:00 PM,27.282533
1/13/2019 5:00:00 PM,26.909451
1/13/2019 6:00:00 PM,26.269493
1/13/2019 7:00:00 PM,25.978154
1/13/2019 8:00:00 PM,25.856258
1/13/2019 9:00:00 PM,28.146407
1/13/2019 10:00:00 PM,35.253214
1/13/2019 11:00:00 PM,33.505407
1/14/2019 12:00:00 AM,32.288059
1/14/2019 1:00:00 AM,30.281805
1/14/2019 2:00:00 AM,28.588617
1/14/2019 3:00:00 AM,26.327552
1/14/2019 4:00:00 AM,25.705914
1/14/2019 5:00:00 AM,24.708862
1/14/2019 6:00:00 AM,24.564101
1/14/2019 7:00:00 AM,24.572346
1/14/2019 8:00:00 AM,24.810674
1/14/2019 9:00:00 AM,25.730161
1/14/2019 10:00:00 AM,28.225526
1/14/2019 11:00:00 AM,39.003188
1/14/2019 12:00:00 PM,40.471633
1/14/2019 1:00:00 PM,38.770918
1/14/2019 2:00:00 PM,34.878572
1/14/2019 3:00:00 PM,33.815519
1/14/2019 4:00:00 PM,31.214193
1/14/2019 5:00:00 PM,29.353451
1/14/2019 6:00:00 PM,28.924012
1/14/2019 7:00:00 PM,28.103516
1/14/2019 8:00:00 PM,27.922325
1/14/2019 9:00:00 PM,30.494786
1/14/2019 10:00:00 PM,40.579222
1/14/2019 11:00:00 PM,39.254088
1/15/2019 12:00:00 AM,38.632349
1/15/2019 1:00:00 AM,36.774137
1/15/2019 2:00:00 AM,32.608857
1/15/2019 3:00:00 AM,29.155968
1/15/2019 4:00:00 AM,26.876707
1/15/2019 5:00:00 AM,26.893082
1/15/2019 6:00:00 AM,26.257784
1/15/2019 7:00:00 AM,26.098576
1/15/2019 8:00:00 AM,26.454457
1/15/2019 9:00:00 AM,26.554782
1/15/2019 10:00:00 AM,29.871527
1/15/2019 11:00:00 AM,40.878625
1/15/2019 12:00:00 PM,47.144295
1/15/2019 1:00:00 PM,37.975094
1/15/2019 2:00:00 PM,33.869336
1/15/2019 3:00:00 PM,32.320766
1/15/2019 4:00:00 PM,30.07908
1/15/2019 5:00:00 PM,28.708143
1/15/2019 6:00:00 PM,27.758172
1/15/2019 7:00:00 PM,27.01917
1/15/2019 8:00:00 PM,26.926449
1/15/2019 9:00:00 PM,29.14501
1/15/2019 10:00:00 PM,34.582669
1/15/2019 11:00:00 PM,35.36637
1/16/2019 12:00:00 AM,33.697677
1/16/2019 1:00:00 AM,32.432804
1/16/2019 2:00:00 AM,29.632895
1/16/2019 3:00:00 AM,27.471857
1/16/2019 4:00:00 AM,25.05298
1/16/2019 5:00:00 AM,26.19094
1/16/2019 6:00:00 AM,26.793434
1/16/2019 7:00:00 AM,26.759739
1/16/2019 8:00:00 AM,27.036135
1/16/2019 9:00:00 AM,27.474032
1/16/2019 10:00:00 AM,29.854202
1/16/2019 11:00:00 AM,39.349331
1/16/2019 12:00:00 PM,47.506986
1/16/2019 1:00:00 PM,38.490971
1/16/2019 2:00:00 PM,34.137436
1/16/2019 3:00:00 PM,33.015662
1/16/2019 4:00:00 PM,31.266077
1/16/2019 5:00:00 PM,29.037787
1/16/2019 6:00:00 PM,28.732856
1/16/2019 7:00:00 PM,28.450834
1/16/2019 8:00:00 PM,28.454965
1/16/2019 9:00:00 PM,29.093183
1/16/2019 10:00:00 PM,39.648444
1/16/2019 11:00:00 PM,39.153807
1/17/2019 12:00:00 AM,36.816386
1/17/2019 1:00:00 AM,33.958487
1/17/2019 2:00:00 AM,31.154291
1/17/2019 3:00:00 AM,28.746125
1/17/2019 4:00:00 AM,27.76765
1/17/2019 5:00:00 AM,27.535285
1/17/2019 6:00:00 AM,27.149739
1/17/2019 7:00:00 AM,27.150494
1/17/2019 8:00:00 AM,27.20661
1/17/2019 9:00:00 AM,28.169308
1/17/2019 10:00:00 AM,30.009154
1/17/2019 11:00:00 AM,41.907595
1/17/2019 12:00:00 PM,48.17302
1/17/2019 1:00:00 PM,40.753345
1/17/2019 2:00:00 PM,38.642253
1/17/2019 3:00:00 PM,38.673855
1/17/2019 4:00:00 PM,36.018975
1/17/2019 5:00:00 PM,33.502062
1/17/2019 6:00:00 PM,32.121846
1/17/2019 7:00:00 PM,31.18247
1/17/2019 8:00:00 PM,31.119346
1/17/2019 9:00:00 PM,33.22297
1/17/2019 10:00:00 PM,41.802606
1/17/2019 11:00:00 PM,40.547882
1/18/2019 12:00:00 AM,36.271773
1/18/2019 1:00:00 AM,34.141366
1/18/2019 2:00:00 AM,30.817669
1/18/2019 3:00:00 AM,29.025501
1/18/2019 4:00:00 AM,27.478014
1/18/2019 5:00:00 AM,26.408118
1/18/2019 6:00:00 AM,25.636069
1/18/2019 7:00:00 AM,25.430917
1/18/2019 8:00:00 AM,25.488716
1/18/2019 9:00:00 AM,25.946722
1/18/2019 10:00:00 AM,26.316252
1/18/2019 11:00:00 AM,33.612837
1/18/2019 12:00:00 PM,36.055294
1/18/2019 1:00:00 PM,32.826097
1/18/2019 2:00:00 PM,32.3906
1/18/2019 3:00:00 PM,31.329718
1/18/2019 4:00:00 PM,30.089181
1/18/2019 5:00:00 PM,28.786356
1/18/2019 6:00:00 PM,27.708387
1/18/2019 7:00:00 PM,27.252378
1/18/2019 8:00:00 PM,26.89973
1/18/2019 9:00:00 PM,27.038544
1/18/2019 10:00:00 PM,32.827314
1/18/2019 11:00:00 PM,30.850182
1/19/2019 12:00:00 AM,28.96477
1/19/2019 1:00:00 AM,28.109689
1/19/2019 2:00:00 AM,26.937323
1/19/2019 3:00:00 AM,25.144897
1/19/2019 4:00:00 AM,24.679586
1/19/2019 5:00:00 AM,24.897263
1/19/2019 6:00:00 AM,24.395818
1/19/2019 7:00:00 AM,24.016099
1/19/2019 8:00:00 AM,23.925389
1/19/2019 9:00:00 AM,23.796563
1/19/2019 10:00:00 AM,23.790958
1/19/2019 11:00:00 AM,23.965556
1/19/2019 12:00:00 PM,26.37175
1/19/2019 1:00:00 PM,27.844747
1/19/2019 2:00:00 PM,29.864045
1/19/2019 3:00:00 PM,35.295685
1/19/2019 4:00:00 PM,32.996676
1/19/2019 5:00:00 PM,32.034278
1/19/2019 6:00:00 PM,30.511331
1/19/2019 7:00:00 PM,29.492299
1/19/2019 8:00:00 PM,29.915272
1/19/2019 9:00:00 PM,31.966018
1/19/2019 10:00:00 PM,35.419336
1/19/2019 11:00:00 PM,35.754276
1/20/2019 12:00:00 AM,32.347454
1/20/2019 1:00:00 AM,30.322104
1/20/2019 2:00:00 AM,27.928951
1/20/2019 3:00:00 AM,25.653285
1/20/2019 4:00:00 AM,24.317981
1/20/2019 5:00:00 AM,22.133926
1/20/2019 6:00:00 AM,21.76004
1/20/2019 7:00:00 AM,21.683978
1/20/2019 8:00:00 AM,21.653513
1/20/2019 9:00:00 AM,21.729463
1/20/2019 10:00:00 AM,22.197512
1/20/2019 11:00:00 AM,22.66038
1/20/2019 12:00:00 PM,24.608321
1/20/2019 1:00:00 PM,26.144284
1/20/2019 2:00:00 PM,27.353879
1/20/2019 3:00:00 PM,28.613789
1/20/2019 4:00:00 PM,29.404297
1/20/2019 5:00:00 PM,29.346165
1/20/2019 6:00:00 PM,29.393898
1/20/2019 7:00:00 PM,29.245282
1/20/2019 8:00:00 PM,30.435767
1/20/2019 9:00:00 PM,34.310012
1/20/2019 10:00:00 PM,47.576181
1/20/2019 11:00:00 PM,49.766766
1/21/2019 12:00:00 AM,50.577444
1/21/2019 1:00:00 AM,49.009384
1/21/2019 2:00:00 AM,49.138455
1/21/2019 3:00:00 AM,45.328169
1/21/2019 4:00:00 AM,43.536421
1/21/2019 5:00:00 AM,36.564704
1/21/2019 6:00:00 AM,35.992542
1/21/2019 7:00:00 AM,37.2204
1/21/2019 8:00:00 AM,40.633689
1/21/2019 9:00:00 AM,48.250275
1/21/2019 10:00:00 AM,51.588689
1/21/2019 11:00:00 AM,65.356408
1/21/2019 12:00:00 PM,74.482526
1/21/2019 1:00:00 PM,80.581881
1/21/2019 2:00:00 PM,77.522312
1/21/2019 3:00:00 PM,81.258594
1/21/2019 4:00:00 PM,77.936702
1/21/2019 5:00:00 PM,63.54884
1/21/2019 6:00:00 PM,61.338767
1/21/2019 7:00:00 PM,55.646652
1/21/2019 8:00:00 PM,54.326112
1/21/2019 9:00:00 PM,63.547698
1/21/2019 10:00:00 PM,85.995965
1/21/2019 11:00:00 PM,92.788629
1/22/2019 12:00:00 AM,89.206219
1/22/2019 1:00:00 AM,82.296655
1/22/2019 2:00:00 AM,66.507699
1/22/2019 3:00:00 AM,56.757409
1/22/2019 4:00:00 AM,46.249411
1/22/2019 5:00:00 AM,49.206792
1/22/2019 6:00:00 AM,47.541348
1/22/2019 7:00:00 AM,44.351683
1/22/2019 8:00:00 AM,47.544458
1/22/2019 9:00:00 AM,52.195351
1/22/2019 10:00:00 AM,57.296452
1/22/2019 11:00:00 AM,79.044226
1/22/2019 12:00:00 PM,89.960725
1/22/2019 1:00:00 PM,65.023562
1/22/2019 2:00:00 PM,55.649883
1/22/2019 3:00:00 PM,49.991018
1/22/2019 4:00:00 PM,42.660082
1/22/2019 5:00:00 PM,38.468578
1/22/2019 6:00:00 PM,37.485096
1/22/2019 7:00:00 PM,34.179145
1/22/2019 8:00:00 PM,33.809434
1/22/2019 9:00:00 PM,36.47431
1/22/2019 10:00:00 PM,50.029107
1/22/2019 11:00:00 PM,48.710921
1/23/2019 12:00:00 AM,43.425491
1/23/2019 1:00:00 AM,42.877638
1/23/2019 2:00:00 AM,38.556682
1/23/2019 3:00:00 AM,35.067673
1/23/2019 4:00:00 AM,30.229053
1/23/2019 5:00:00 AM,32.312219
1/23/2019 6:00:00 AM,31.749703
1/23/2019 7:00:00 AM,30.041075
1/23/2019 8:00:00 AM,29.593694
1/23/2019 9:00:00 AM,29.348207
1/23/2019 10:00:00 AM,29.967832
1/23/2019 11:00:00 AM,37.350191
1/23/2019 12:00:00 PM,40.87386
1/23/2019 1:00:00 PM,36.497152
1/23/2019 2:00:00 PM,34.274151
1/23/2019 3:00:00 PM,27.879713
1/23/2019 4:00:00 PM,27.553228
1/23/2019 5:00:00 PM,26.648014
1/23/2019 6:00:00 PM,26.266489
1/23/2019 7:00:00 PM,25.528128
1/23/2019 8:00:00 PM,25.247829
1/23/2019 9:00:00 PM,26.17334
1/23/2019 10:00:00 PM,27.37225
1/23/2019 11:00:00 PM,27.166691
1/24/2019 12:00:00 AM,26.750254
1/24/2019 1:00:00 AM,25.929169
1/24/2019 2:00:00 AM,25.699889
1/24/2019 3:00:00 AM,23.752288
1/24/2019 4:00:00 AM,22.498334
1/24/2019 5:00:00 AM,22.946467
1/24/2019 6:00:00 AM,22.486576
1/24/2019 7:00:00 AM,21.7332
1/24/2019 8:00:00 AM,21.659955
1/24/2019 9:00:00 AM,22.826419
1/24/2019 10:00:00 AM,24.147219
1/24/2019 11:00:00 AM,27.19455
1/24/2019 12:00:00 PM,29.694812
1/24/2019 1:00:00 PM,28.972624
1/24/2019 2:00:00 PM,28.331459
1/24/2019 3:00:00 PM,27.606797
1/24/2019 4:00:00 PM,26.111174
1/24/2019 5:00:00 PM,25.457768
1/24/2019 6:00:00 PM,25.385863
1/24/2019 7:00:00 PM,24.635218
1/24/2019 8:00:00 PM,24.564968
1/24/2019 9:00:00 PM,25.069747
1/24/2019 10:00:00 PM,28.576037
1/24/2019 11:00:00 PM,32.446419
1/25/2019 12:00:00 AM,31.112218
1/25/2019 1:00:00 AM,29.663291
1/25/2019 2:00:00 AM,26.815901
1/25/2019 3:00:00 AM,25.3382
1/25/2019 4:00:00 AM,24.327946
1/25/2019 5:00:00 AM,23.51427
1/25/2019 6:00:00 AM,23.542006
1/25/2019 7:00:00 AM,23.523436
1/25/2019 8:00:00 AM,23.624072
1/25/2019 9:00:00 AM,23.863561
1/25/2019 10:00:00 AM,25.356087
1/25/2019 11:00:00 AM,35.773796
1/25/2019 12:00:00 PM,40.70937
1/25/2019 1:00:00 PM,37.356303
1/25/2019 2:00:00 PM,35.60919
1/25/2019 3:00:00 PM,36.587591
1/25/2019 4:00:00 PM,33.860745
1/25/2019 5:00:00 PM,31.801468
1/25/2019 6:00:00 PM,29.892354
1/25/2019 7:00:00 PM,28.842564
1/25/2019 8:00:00 PM,28.86301
1/25/2019 9:00:00 PM,30.273199
1/25/2019 10:00:00 PM,41.318474
1/25/2019 11:00:00 PM,40.986005
1/26/2019 12:00:00 AM,39.147605
1/26/2019 1:00:00 AM,39.12629
1/26/2019 2:00:00 AM,36.591629
1/26/2019 3:00:00 AM,32.755078
1/26/2019 4:00:00 AM,29.478515
1/26/2019 5:00:00 AM,28.085883
1/26/2019 6:00:00 AM,27.591201
1/26/2019 7:00:00 AM,27.497644
1/26/2019 8:00:00 AM,27.687061
1/26/2019 9:00:00 AM,27.888296
1/26/2019 10:00:00 AM,28.225786
1/26/2019 11:00:00 AM,29.900905
1/26/2019 12:00:00 PM,32.747959
1/26/2019 1:00:00 PM,32.927651
1/26/2019 2:00:00 PM,31.855781
1/26/2019 3:00:00 PM,29.107831
1/26/2019 4:00:00 PM,27.031501
1/26/2019 5:00:00 PM,25.955675
1/26/2019 6:00:00 PM,25.007972
1/26/2019 7:00:00 PM,24.726451
1/26/2019 8:00:00 PM,24.724894
1/26/2019 9:00:00 PM,25.375342
1/26/2019 10:00:00 PM,28.487083
1/26/2019 11:00:00 PM,30.092866
1/27/2019 12:00:00 AM,28.304527
1/27/2019 1:00:00 AM,27.478798
1/27/2019 2:00:00 AM,26.219746
1/27/2019 3:00:00 AM,25.39682
1/27/2019 4:00:00 AM,24.765623
1/27/2019 5:00:00 AM,24.622624
1/27/2019 6:00:00 AM,24.260623
1/27/2019 7:00:00 AM,23.926756
1/27/2019 8:00:00 AM,23.8553
1/27/2019 9:00:00 AM,23.91178
1/27/2019 10:00:00 AM,24.117908
1/27/2019 11:00:00 AM,24.850668
1/27/2019 12:00:00 PM,25.691584
1/27/2019 1:00:00 PM,25.740546
1/27/2019 2:00:00 PM,25.497267
1/27/2019 3:00:00 PM,24.986391
1/27/2019 4:00:00 PM,24.591914
1/27/2019 5:00:00 PM,24.151401
1/27/2019 6:00:00 PM,23.834568
1/27/2019 7:00:00 PM,23.565531
1/27/2019 8:00:00 PM,23.784343
1/27/2019 9:00:00 PM,24.465576
1/27/2019 10:00:00 PM,28.827692
1/27/2019 11:00:00 PM,31.468579
1/28/2019 12:00:00 AM,28.733789
1/28/2019 1:00:00 AM,28.042143
1/28/2019 2:00:00 AM,26.623039
1/28/2019 3:00:00 AM,24.584987
1/28/2019 4:00:00 AM,23.519824
1/28/2019 5:00:00 AM,22.972433
1/28/2019 6:00:00 AM,22.404313
1/28/2019 7:00:00 AM,22.486918
1/28/2019 8:00:00 AM,22.503959
1/28/2019 9:00:00 AM,23.137578
1/28/2019 10:00:00 AM,25.031557
1/28/2019 11:00:00 AM,34.599891
1/28/2019 12:00:00 PM,38.839711
1/28/2019 1:00:00 PM,32.952084
1/28/2019 2:00:00 PM,31.169602
1/28/2019 3:00:00 PM,29.467573
1/28/2019 4:00:00 PM,28.298546
1/28/2019 5:00:00 PM,26.662354
1/28/2019 6:00:00 PM,25.357843
1/28/2019 7:00:00 PM,24.709833
1/28/2019 8:00:00 PM,24.351482
1/28/2019 9:00:00 PM,25.846995
1/28/2019 10:00:00 PM,30.168274
1/28/2019 11:00:00 PM,31.11374
1/29/2019 12:00:00 AM,30.181484
1/29/2019 1:00:00 AM,29.033874
1/29/2019 2:00:00 AM,26.831774
1/29/2019 3:00:00 AM,24.752758
1/29/2019 4:00:00 AM,23.831659
1/29/2019 5:00:00 AM,24.429659
1/29/2019 6:00:00 AM,24.351071
1/29/2019 7:00:00 AM,24.285082
1/29/2019 8:00:00 AM,24.553712
1/29/2019 9:00:00 AM,25.011183
1/29/2019 10:00:00 AM,27.016515
1/29/2019 11:00:00 AM,32.386797
1/29/2019 12:00:00 PM,37.045534
1/29/2019 1:00:00 PM,33.887002
1/29/2019 2:00:00 PM,32.242483
1/29/2019 3:00:00 PM,33.565011
1/29/2019 4:00:00 PM,32.25463
1/29/2019 5:00:00 PM,31.426885
1/29/2019 6:00:00 PM,31.266176
1/29/2019 7:00:00 PM,30.623724
1/29/2019 8:00:00 PM,30.612202
1/29/2019 9:00:00 PM,31.71149
1/29/2019 10:00:00 PM,37.973022
1/29/2019 11:00:00 PM,38.721942
1/30/2019 12:00:00 AM,38.162585
1/30/2019 1:00:00 AM,38.446615
1/30/2019 2:00:00 AM,35.911673
1/30/2019 3:00:00 AM,31.179632
1/30/2019 4:00:00 AM,28.008651
1/30/2019 5:00:00 AM,28.15565
1/30/2019 6:00:00 AM,27.897087
1/30/2019 7:00:00 AM,28.010161
1/30/2019 8:00:00 AM,28.320082
1/30/2019 9:00:00 AM,28.898548
1/30/2019 10:00:00 AM,34.060585
1/30/2019 11:00:00 AM,43.284396
1/30/2019 12:00:00 PM,51.56521
1/30/2019 1:00:00 PM,47.276492
1/30/2019 2:00:00 PM,42.289794
1/30/2019 3:00:00 PM,57.184842
1/30/2019 4:00:00 PM,51.377424
1/30/2019 5:00:00 PM,45.52337
1/30/2019 6:00:00 PM,45.408419
1/30/2019 7:00:00 PM,44.394764
1/30/2019 8:00:00 PM,44.113428
1/30/2019 9:00:00 PM,53.603424
1/30/2019 10:00:00 PM,81.11888
1/30/2019 11:00:00 PM,88.577392
1/31/2019 12:00:00 AM,89.645862
1/31/2019 1:00:00 AM,89.110248
1/31/2019 2:00:00 AM,80.260882
1/31/2019 3:00:00 AM,71.919823
1/31/2019 4:00:00 AM,62.039245
1/31/2019 5:00:00 AM,78.913863
1/31/2019 6:00:00 AM,74.520235
1/31/2019 7:00:00 AM,75.938271
1/31/2019 8:00:00 AM,74.67641
1/31/2019 9:00:00 AM,87.87022
1/31/2019 10:00:00 AM,95.893111
1/31/2019 11:00:00 AM,124.087638
1/31/2019 12:00:00 PM,160.355595
1/31/2019 1:00:00 PM,131.359014
1/31/2019 2:00:00 PM,105.883917
1/31/2019 3:00:00 PM,109.399328
1/31/2019 4:00:00 PM,94.932228
1/31/2019 5:00:00 PM,82.823132
1/31/2019 6:00:00 PM,75.787535
1/31/2019 7:00:00 PM,62.75126
1/31/2019 8:00:00 PM,61.935881
1/31/2019 9:00:00 PM,69.433681
1/31/2019 10:00:00 PM,88.76471
1/31/2019 11:00:00 PM,103.200075
2/1/2019 12:00:00 AM,98.773004
2/1/2019 1:00:00 AM,86.753879
2/1/2019 2:00:00 AM,81.061417
2/1/2019 3:00:00 AM,67.104932
2/1/2019 4:00:00 AM,57.084514
2/1/2019 5:00:00 AM,44.351341
2/1/2019 6:00:00 AM,42.189611
2/1/2019 7:00:00 AM,42.605965
2/1/2019 8:00:00 AM,42.356155
2/1/2019 9:00:00 AM,43.193731
2/1/2019 10:00:00 AM,50.813062
2/1/2019 11:00:00 AM,72.231087
2/1/2019 12:00:00 PM,84.721728
2/1/2019 1:00:00 PM,68.224517
2/1/2019 2:00:00 PM,61.714473
2/1/2019 3:00:00 PM,50.246946
2/1/2019 4:00:00 PM,42.012502
2/1/2019 5:00:00 PM,38.383654
2/1/2019 6:00:00 PM,36.789338
2/1/2019 7:00:00 PM,33.597536
2/1/2019 8:00:00 PM,33.477949
2/1/2019 9:00:00 PM,33.404115
2/1/2019 10:00:00 PM,45.918365
2/1/2019 11:00:00 PM,50.591943
2/2/2019 12:00:00 AM,43.236943
2/2/2019 1:00:00 AM,42.060673
2/2/2019 2:00:00 AM,36.559488
2/2/2019 3:00:00 AM,34.027944
2/2/2019 4:00:00 AM,30.879155
2/2/2019 5:00:00 AM,33.443875
2/2/2019 6:00:00 AM,31.828078
2/2/2019 7:00:00 AM,29.547372
2/2/2019 8:00:00 AM,29.444467
2/2/2019 9:00:00 AM,29.701839
2/2/2019 10:00:00 AM,30.696694
2/2/2019 11:00:00 AM,34.558925
2/2/2019 12:00:00 PM,35.564742
2/2/2019 1:00:00 PM,35.681798
2/2/2019 2:00:00 PM,34.577178
2/2/2019 3:00:00 PM,29.615899
2/2/2019 4:00:00 PM,26.508614
2/2/2019 5:00:00 PM,25.37926
2/2/2019 6:00:00 PM,24.071549
2/2/2019 7:00:00 PM,23.701366
2/2/2019 8:00:00 PM,23.34776
2/2/2019 9:00:00 PM,23.675896
2/2/2019 10:00:00 PM,27.523993
2/2/2019 11:00:00 PM,29.977829
2/3/2019 12:00:00 AM,27.403003
2/3/2019 1:00:00 AM,26.700412
2/3/2019 2:00:00 AM,25.30326
2/3/2019 3:00:00 AM,24.678446
2/3/2019 4:00:00 AM,23.394534
2/3/2019 5:00:00 AM,22.591401
2/3/2019 6:00:00 AM,21.818306
2/3/2019 7:00:00 AM,20.687702
2/3/2019 8:00:00 AM,20.544756
2/3/2019 9:00:00 AM,20.915619
2/3/2019 10:00:00 AM,21.616726
2/3/2019 11:00:00 AM,22.408804
2/3/2019 12:00:00 PM,23.415719
2/3/2019 1:00:00 PM,24.400565
2/3/2019 2:00:00 PM,23.964827
2/3/2019 3:00:00 PM,23.273298
2/3/2019 4:00:00 PM,21.987557
2/3/2019 5:00:00 PM,21.155396
2/3/2019 6:00:00 PM,20.54464
2/3/2019 7:00:00 PM,20.471094
2/3/2019 8:00:00 PM,20.4234
2/3/2019 9:00:00 PM,21.103702
2/3/2019 10:00:00 PM,24.607386
2/3/2019 11:00:00 PM,25.958892
2/4/2019 12:00:00 AM,24.342537
2/4/2019 1:00:00 AM,23.932013
2/4/2019 2:00:00 AM,22.879912
2/4/2019 3:00:00 AM,21.923667
2/4/2019 4:00:00 AM,20.822895
2/4/2019 5:00:00 AM,19.556216
2/4/2019 6:00:00 AM,19.56201
2/4/2019 7:00:00 AM,19.275501
2/4/2019 8:00:00 AM,19.36806
2/4/2019 9:00:00 AM,19.835445
2/4/2019 10:00:00 AM,22.056549
2/4/2019 11:00:00 AM,29.376513
2/4/2019 12:00:00 PM,29.527878
2/4/2019 1:00:00 PM,26.781723
2/4/2019 2:00:00 PM,26.556685
2/4/2019 3:00:00 PM,25.241241
2/4/2019 4:00:00 PM,24.05388
2/4/2019 5:00:00 PM,23.186871
2/4/2019 6:00:00 PM,22.523101
2/4/2019 7:00:00 PM,21.594959
2/4/2019 8:00:00 PM,21.343693
2/4/2019 9:00:00 PM,22.229562
2/4/2019 10:00:00 PM,26.088318
2/4/2019 11:00:00 PM,26.619656
2/5/2019 12:00:00 AM,25.240289
2/5/2019 1:00:00 AM,24.528504
2/5/2019 2:00:00 AM,23.360302
2/5/2019 3:00:00 AM,21.705164
2/5/2019 4:00:00 AM,20.992601
2/5/2019 5:00:00 AM,20.240283
2/5/2019 6:00:00 AM,19.99974
2/5/2019 7:00:00 AM,19.637713
2/5/2019 8:00:00 AM,19.850481
2/5/2019 9:00:00 AM,21.180593
2/5/2019 10:00:00 AM,22.913659
2/5/2019 11:00:00 AM,28.415844
2/5/2019 12:00:00 PM,27.976033
2/5/2019 1:00:00 PM,25.957148
2/5/2019 2:00:00 PM,25.837954
2/5/2019 3:00:00 PM,25.208342
2/5/2019 4:00:00 PM,24.142593
2/5/2019 5:00:00 PM,23.580086
2/5/2019 6:00:00 PM,23.46308
2/5/2019 7:00:00 PM,22.888942
2/5/2019 8:00:00 PM,22.582248
2/5/2019 9:00:00 PM,23.400182
2/5/2019 10:00:00 PM,26.288926
2/5/2019 11:00:00 PM,28.995068
2/6/2019 12:00:00 AM,27.003983
2/6/2019 1:00:00 AM,26.008491
2/6/2019 2:00:00 AM,23.846222
2/6/2019 3:00:00 AM,22.346029
2/6/2019 4:00:00 AM,20.3973
2/6/2019 5:00:00 AM,19.481578
2/6/2019 6:00:00 AM,19.188783
2/6/2019 7:00:00 AM,19.204476
2/6/2019 8:00:00 AM,19.200643
2/6/2019 9:00:00 AM,19.494468
2/6/2019 10:00:00 AM,20.933086
2/6/2019 11:00:00 AM,25.835007
2/6/2019 12:00:00 PM,27.156035
2/6/2019 1:00:00 PM,26.141456
2/6/2019 2:00:00 PM,25.497516
2/6/2019 3:00:00 PM,24.629015
2/6/2019 4:00:00 PM,23.883088
2/6/2019 5:00:00 PM,23.224808
2/6/2019 6:00:00 PM,22.901137
2/6/2019 7:00:00 PM,22.636861
2/6/2019 8:00:00 PM,22.709389
2/6/2019 9:00:00 PM,23.294013
2/6/2019 10:00:00 PM,26.48742
2/6/2019 11:00:00 PM,27.534898
2/7/2019 12:00:00 AM,25.216181
2/7/2019 1:00:00 AM,23.862332
2/7/2019 2:00:00 AM,22.632134
2/7/2019 3:00:00 AM,20.267425
2/7/2019 4:00:00 AM,19.528602
2/7/2019 5:00:00 AM,18.992533
2/7/2019 6:00:00 AM,18.862154
2/7/2019 7:00:00 AM,18.814696
2/7/2019 8:00:00 AM,18.857924
2/7/2019 9:00:00 AM,18.89214
2/7/2019 10:00:00 AM,19.99311
2/7/2019 11:00:00 AM,24.308461
2/7/2019 12:00:00 PM,25.647882
2/7/2019 1:00:00 PM,24.546216
2/7/2019 2:00:00 PM,24.063848
2/7/2019 3:00:00 PM,23.652719
2/7/2019 4:00:00 PM,23.588436
2/7/2019 5:00:00 PM,22.810212
2/7/2019 6:00:00 PM,22.30746
2/7/2019 7:00:00 PM,21.369405
2/7/2019 8:00:00 PM,21.090915
2/7/2019 9:00:00 PM,21.172428
2/7/2019 10:00:00 PM,23.03238
2/7/2019 11:00:00 PM,24.96054
2/8/2019 12:00:00 AM,23.22951
2/8/2019 1:00:00 AM,21.919841
2/8/2019 2:00:00 AM,20.193357
2/8/2019 3:00:00 AM,19.304078
2/8/2019 4:00:00 AM,18.392848
2/8/2019 5:00:00 AM,18.386475
2/8/2019 6:00:00 AM,18.123252
2/8/2019 7:00:00 AM,17.786043
2/8/2019 8:00:00 AM,17.884601
2/8/2019 9:00:00 AM,18.722868
2/8/2019 10:00:00 AM,19.807213
2/8/2019 11:00:00 AM,25.068685
2/8/2019 12:00:00 PM,27.697679
2/8/2019 1:00:00 PM,26.066162
2/8/2019 2:00:00 PM,26.87686
2/8/2019 3:00:00 PM,26.374771
2/8/2019 4:00:00 PM,26.700939
2/8/2019 5:00:00 PM,25.886034
2/8/2019 6:00:00 PM,25.155289
2/8/2019 7:00:00 PM,24.567108
2/8/2019 8:00:00 PM,23.980092
2/8/2019 9:00:00 PM,24.113519
2/8/2019 10:00:00 PM,30.980525
2/8/2019 11:00:00 PM,33.812486
2/9/2019 12:00:00 AM,34.863915
2/9/2019 1:00:00 AM,34.893275
2/9/2019 2:00:00 AM,35.053695
2/9/2019 3:00:00 AM,28.396521
2/9/2019 4:00:00 AM,24.405566
2/9/2019 5:00:00 AM,24.880283
2/9/2019 6:00:00 AM,23.836583
2/9/2019 7:00:00 AM,24.218394
2/9/2019 8:00:00 AM,24.510435
2/9/2019 9:00:00 AM,25.414706
2/9/2019 10:00:00 AM,26.971153
2/9/2019 11:00:00 AM,30.559021
2/9/2019 12:00:00 PM,33.627633
2/9/2019 1:00:00 PM,34.011323
2/9/2019 2:00:00 PM,34.076563
2/9/2019 3:00:00 PM,30.571769
2/9/2019 4:00:00 PM,26.758074
2/9/2019 5:00:00 PM,24.618818
2/9/2019 6:00:00 PM,23.604284
2/9/2019 7:00:00 PM,23.37672
2/9/2019 8:00:00 PM,23.461827
2/9/2019 9:00:00 PM,23.799523
2/9/2019 10:00:00 PM,29.597216
2/9/2019 11:00:00 PM,32.859473
2/10/2019 12:00:00 AM,33.553434
2/10/2019 1:00:00 AM,34.177732
2/10/2019 2:00:00 AM,30.283128
2/10/2019 3:00:00 AM,28.525537
2/10/2019 4:00:00 AM,25.513076
2/10/2019 5:00:00 AM,26.296519
2/10/2019 6:00:00 AM,25.95819
2/10/2019 7:00:00 AM,25.087178
2/10/2019 8:00:00 AM,25.701513
2/10/2019 9:00:00 AM,26.61295
2/10/2019 10:00:00 AM,28.660803
2/10/2019 11:00:00 AM,30.333743
2/10/2019 12:00:00 PM,33.090762
2/10/2019 1:00:00 PM,33.827942
2/10/2019 2:00:00 PM,33.798628
2/10/2019 3:00:00 PM,26.586304
2/10/2019 4:00:00 PM,24.270851
2/10/2019 5:00:00 PM,24.016772
2/10/2019 6:00:00 PM,23.572067
2/10/2019 7:00:00 PM,23.458539
2/10/2019 8:00:00 PM,23.676098
2/10/2019 9:00:00 PM,23.974596
2/10/2019 10:00:00 PM,32.110041
2/10/2019 11:00:00 PM,35.477727
2/11/2019 12:00:00 AM,32.387072
2/11/2019 1:00:00 AM,31.39595
2/11/2019 2:00:00 AM,28.024615
2/11/2019 3:00:00 AM,25.012127
2/11/2019 4:00:00 AM,23.068615
2/11/2019 5:00:00 AM,22.081578
2/11/2019 6:00:00 AM,22.08614
2/11/2019 7:00:00 AM,21.750422
2/11/2019 8:00:00 AM,22.011097
2/11/2019 9:00:00 AM,22.226031
2/11/2019 10:00:00 AM,24.092254
2/11/2019 11:00:00 AM,32.092876
2/11/2019 12:00:00 PM,33.729904
2/11/2019 1:00:00 PM,36.13581
2/11/2019 2:00:00 PM,33.29409
2/11/2019 3:00:00 PM,34.173139
2/11/2019 4:00:00 PM,31.053251
2/11/2019 5:00:00 PM,31.970389
2/11/2019 6:00:00 PM,29.555349
2/11/2019 7:00:00 PM,27.742834
2/11/2019 8:00:00 PM,26.999178
2/11/2019 9:00:00 PM,27.009522
2/11/2019 10:00:00 PM,32.269475
2/11/2019 11:00:00 PM,32.853361
2/12/2019 12:00:00 AM,30.518975
2/12/2019 1:00:00 AM,28.0055
2/12/2019 2:00:00 AM,26.372482
2/12/2019 3:00:00 AM,23.415374
2/12/2019 4:00:00 AM,21.328448
2/12/2019 5:00:00 AM,21.628948
2/12/2019 6:00:00 AM,21.221401
2/12/2019 7:00:00 AM,20.891148
2/12/2019 8:00:00 AM,21.140918
2/12/2019 9:00:00 AM,21.493316
2/12/2019 10:00:00 AM,24.202544
2/12/2019 11:00:00 AM,28.902344
2/12/2019 12:00:00 PM,29.954724
2/12/2019 1:00:00 PM,30.667418
2/12/2019 2:00:00 PM,30.918327
2/12/2019 3:00:00 PM,29.249919
2/12/2019 4:00:00 PM,27.465281
2/12/2019 5:00:00 PM,26.98459
2/12/2019 6:00:00 PM,26.356539
2/12/2019 7:00:00 PM,25.383906
2/12/2019 8:00:00 PM,24.518337
2/12/2019 9:00:00 PM,25.850558
2/12/2019 10:00:00 PM,28.277515
2/12/2019 11:00:00 PM,28.68987
2/13/2019 12:00:00 AM,27.298728
2/13/2019 1:00:00 AM,26.466876
2/13/2019 2:00:00 AM,25.385952
2/13/2019 3:00:00 AM,22.722311
2/13/2019 4:00:00 AM,20.449287
2/13/2019 5:00:00 AM,21.391289
2/13/2019 6:00:00 AM,21.585408
2/13/2019 7:00:00 AM,21.129334
2/13/2019 8:00:00 AM,21.422707
2/13/2019 9:00:00 AM,22.294324
2/13/2019 10:00:00 AM,24.933606
2/13/2019 11:00:00 AM,31.27421
2/13/2019 12:00:00 PM,32.755926
2/13/2019 1:00:00 PM,31.892313
2/13/2019 2:00:00 PM,28.055238
2/13/2019 3:00:00 PM,27.18099
2/13/2019 4:00:00 PM,26.088228
2/13/2019 5:00:00 PM,25.517998
2/13/2019 6:00:00 PM,25.232673
2/13/2019 7:00:00 PM,24.948012
2/13/2019 8:00:00 PM,24.727935
2/13/2019 9:00:00 PM,25.363647
2/13/2019 10:00:00 PM,29.306984
2/13/2019 11:00:00 PM,33.262722
2/14/2019 12:00:00 AM,30.954805
2/14/2019 1:00:00 AM,29.933018
2/14/2019 2:00:00 AM,26.295038
2/14/2019 3:00:00 AM,24.797881
2/14/2019 4:00:00 AM,22.542146
2/14/2019 5:00:00 AM,22.987686
2/14/2019 6:00:00 AM,22.65455
2/14/2019 7:00:00 AM,22.733128
2/14/2019 8:00:00 AM,22.779542
2/14/2019 9:00:00 AM,23.291557
2/14/2019 10:00:00 AM,26.060773
2/14/2019 11:00:00 AM,33.938543
2/14/2019 12:00:00 PM,35.884757
2/14/2019 1:00:00 PM,28.455513
2/14/2019 2:00:00 PM,26.058624
2/14/2019 3:00:00 PM,25.0119
2/14/2019 4:00:00 PM,24.090014
2/14/2019 5:00:00 PM,23.393643
2/14/2019 6:00:00 PM,23.570722
2/14/2019 7:00:00 PM,22.864005
2/14/2019 8:00:00 PM,22.784345
2/14/2019 9:00:00 PM,23.645852
2/14/2019 10:00:00 PM,25.534949
2/14/2019 11:00:00 PM,27.388612
2/15/2019 12:00:00 AM,25.850907
2/15/2019 1:00:00 AM,25.36733
2/15/2019 2:00:00 AM,24.216401
2/15/2019 3:00:00 AM,21.802357
2/15/2019 4:00:00 AM,20.726974
2/15/2019 5:00:00 AM,19.974966
2/15/2019 6:00:00 AM,19.948787
2/15/2019 7:00:00 AM,19.797227
2/15/2019 8:00:00 AM,19.93814
2/15/2019 9:00:00 AM,20.300985
2/15/2019 10:00:00 AM,23.267733
2/15/2019 11:00:00 AM,27.48149
2/15/2019 12:00:00 PM,30.445425
2/15/2019 1:00:00 PM,26.952344
2/15/2019 2:00:00 PM,27.822042
2/15/2019 3:00:00 PM,27.051053
2/15/2019 4:00:00 PM,26.562606
2/15/2019 5:00:00 PM,25.32172
2/15/2019 6:00:00 PM,25.073428
2/15/2019 7:00:00 PM,24.1774
2/15/2019 8:00:00 PM,23.956248
2/15/2019 9:00:00 PM,24.199913
2/15/2019 10:00:00 PM,27.180423
2/15/2019 11:00:00 PM,33.306284
2/16/2019 12:00:00 AM,30.240494
2/16/2019 1:00:00 AM,31.112585
2/16/2019 2:00:00 AM,26.146569
2/16/2019 3:00:00 AM,24.078701
2/16/2019 4:00:00 AM,23.23789
2/16/2019 5:00:00 AM,21.912283
2/16/2019 6:00:00 AM,21.885489
2/16/2019 7:00:00 AM,21.256768
2/16/2019 8:00:00 AM,21.281848
2/16/2019 9:00:00 AM,21.269569
2/16/2019 10:00:00 AM,22.913901
2/16/2019 11:00:00 AM,24.892572
2/16/2019 12:00:00 PM,25.502983
2/16/2019 1:00:00 PM,27.240148
2/16/2019 2:00:00 PM,28.778814
2/16/2019 3:00:00 PM,28.211085
2/16/2019 4:00:00 PM,25.890147
2/16/2019 5:00:00 PM,25.139768
2/16/2019 6:00:00 PM,24.595438
2/16/2019 7:00:00 PM,23.214799
2/16/2019 8:00:00 PM,22.899757
2/16/2019 9:00:00 PM,23.322143
2/16/2019 10:00:00 PM,25.364653
2/16/2019 11:00:00 PM,29.778356
2/17/2019 12:00:00 AM,26.772894
2/17/2019 1:00:00 AM,26.800918
2/17/2019 2:00:00 AM,25.592924
2/17/2019 3:00:00 AM,24.280889
2/17/2019 4:00:00 AM,23.374653
2/17/2019 5:00:00 AM,22.882538
2/17/2019 6:00:00 AM,22.300957
2/17/2019 7:00:00 AM,22.014768
2/17/2019 8:00:00 AM,21.868295
2/17/2019 9:00:00 AM,22.376813
2/17/2019 10:00:00 AM,22.274452
2/17/2019 11:00:00 AM,23.569459
2/17/2019 12:00:00 PM,25.106609
2/17/2019 1:00:00 PM,25.617778
2/17/2019 2:00:00 PM,25.999095
2/17/2019 3:00:00 PM,25.404187
2/17/2019 4:00:00 PM,24.699535
2/17/2019 5:00:00 PM,23.705616
2/17/2019 6:00:00 PM,23.195709
2/17/2019 7:00:00 PM,22.967824
2/17/2019 8:00:00 PM,23.067853
2/17/2019 9:00:00 PM,24.324066
2/17/2019 10:00:00 PM,27.261678
2/17/2019 11:00:00 PM,29.802715
2/18/2019 12:00:00 AM,27.401502
2/18/2019 1:00:00 AM,26.651406
2/18/2019 2:00:00 AM,25.71001
2/18/2019 3:00:00 AM,24.190389
2/18/2019 4:00:00 AM,22.644245
2/18/2019 5:00:00 AM,22.447426
2/18/2019 6:00:00 AM,21.637595
2/18/2019 7:00:00 AM,21.800351
2/18/2019 8:00:00 AM,21.966911
2/18/2019 9:00:00 AM,22.25391
2/18/2019 10:00:00 AM,24.525428
2/18/2019 11:00:00 AM,28.159459
2/18/2019 12:00:00 PM,28.519991
2/18/2019 1:00:00 PM,28.334375
2/18/2019 2:00:00 PM,28.552403
2/18/2019 3:00:00 PM,28.456675
2/18/2019 4:00:00 PM,27.590773
2/18/2019 5:00:00 PM,26.016445
2/18/2019 6:00:00 PM,25.49732
2/18/2019 7:00:00 PM,24.915561
2/18/2019 8:00:00 PM,24.832973
2/18/2019 9:00:00 PM,25.451622
2/18/2019 10:00:00 PM,28.650163
2/18/2019 11:00:00 PM,32.120488
2/19/2019 12:00:00 AM,30.569368
2/19/2019 1:00:00 AM,30.098439
2/19/2019 2:00:00 AM,27.638348
2/19/2019 3:00:00 AM,25.805213
2/19/2019 4:00:00 AM,24.96052
2/19/2019 5:00:00 AM,27.199542
2/19/2019 6:00:00 AM,27.269492
2/19/2019 7:00:00 AM,27.582805
2/19/2019 8:00:00 AM,27.7742
2/19/2019 9:00:00 AM,29.656868
2/19/2019 10:00:00 AM,40.357352
2/19/2019 11:00:00 AM,45.235595
2/19/2019 12:00:00 PM,51.561743
2/19/2019 1:00:00 PM,45.950768
2/19/2019 2:00:00 PM,40.337447
2/19/2019 3:00:00 PM,38.571702
2/19/2019 4:00:00 PM,36.346181
2/19/2019 5:00:00 PM,32.95973
2/19/2019 6:00:00 PM,29.463515
2/19/2019 7:00:00 PM,27.94696
2/19/2019 8:00:00 PM,28.285188
2/19/2019 9:00:00 PM,27.758692
2/19/2019 10:00:00 PM,37.219998
2/19/2019 11:00:00 PM,41.095651
2/20/2019 12:00:00 AM,39.100899
2/20/2019 1:00:00 AM,37.356154
2/20/2019 2:00:00 AM,30.689658
2/20/2019 3:00:00 AM,27.834409
2/20/2019 4:00:00 AM,26.129268
2/20/2019 5:00:00 AM,25.39018
2/20/2019 6:00:00 AM,25.133817
2/20/2019 7:00:00 AM,23.999724
2/20/2019 8:00:00 AM,24.350551
2/20/2019 9:00:00 AM,24.626775
2/20/2019 10:00:00 AM,26.312178
2/20/2019 11:00:00 AM,33.479468
2/20/2019 12:00:00 PM,34.722298
2/20/2019 1:00:00 PM,34.670689
2/20/2019 2:00:00 PM,36.075695
2/20/2019 3:00:00 PM,37.424301
2/20/2019 4:00:00 PM,36.76854
2/20/2019 5:00:00 PM,33.383058
2/20/2019 6:00:00 PM,33.914601
2/20/2019 7:00:00 PM,32.208747
2/20/2019 8:00:00 PM,31.756453
2/20/2019 9:00:00 PM,31.413206
2/20/2019 10:00:00 PM,33.882723
2/20/2019 11:00:00 PM,36.71222
2/21/2019 12:00:00 AM,31.331478
2/21/2019 1:00:00 AM,29.891826
2/21/2019 2:00:00 AM,26.607004
2/21/2019 3:00:00 AM,24.266346
2/21/2019 4:00:00 AM,23.056038
2/21/2019 5:00:00 AM,21.45603
2/21/2019 6:00:00 AM,21.723535
2/21/2019 7:00:00 AM,21.187096
2/21/2019 8:00:00 AM,21.247565
2/21/2019 9:00:00 AM,21.882443
2/21/2019 10:00:00 AM,24.533474
2/21/2019 11:00:00 AM,31.677052
2/21/2019 12:00:00 PM,31.582434
2/21/2019 1:00:00 PM,29.654729
2/21/2019 2:00:00 PM,29.521128
2/21/2019 3:00:00 PM,28.028947
2/21/2019 4:00:00 PM,26.579798
2/21/2019 5:00:00 PM,25.83747
2/21/2019 6:00:00 PM,25.130656
2/21/2019 7:00:00 PM,24.546467
2/21/2019 8:00:00 PM,24.756476
2/21/2019 9:00:00 PM,24.939492
2/21/2019 10:00:00 PM,27.872635
2/21/2019 11:00:00 PM,32.329176
2/22/2019 12:00:00 AM,29.923667
2/22/2019 1:00:00 AM,30.237891
2/22/2019 2:00:00 AM,27.7151
2/22/2019 3:00:00 AM,25.726274
2/22/2019 4:00:00 AM,23.478182
2/22/2019 5:00:00 AM,22.490867
2/22/2019 6:00:00 AM,21.85864
2/22/2019 7:00:00 AM,21.877438
2/22/2019 8:00:00 AM,22.09071
2/22/2019 9:00:00 AM,22.459582
2/22/2019 10:00:00 AM,25.68843
2/22/2019 11:00:00 AM,32.086545
2/22/2019 12:00:00 PM,33.06453
2/22/2019 1:00:00 PM,30.934884
2/22/2019 2:00:00 PM,31.119645
2/22/2019 3:00:00 PM,30.791063
2/22/2019 4:00:00 PM,29.026389
2/22/2019 5:00:00 PM,27.397986
2/22/2019 6:00:00 PM,26.201934
2/22/2019 7:00:00 PM,25.724191
2/22/2019 8:00:00 PM,25.726896
2/22/2019 9:00:00 PM,25.322229
2/22/2019 10:00:00 PM,27.303398
2/22/2019 11:00:00 PM,32.389309
2/23/2019 12:00:00 AM,29.4505
2/23/2019 1:00:00 AM,27.371044
2/23/2019 2:00:00 AM,25.678568
2/23/2019 3:00:00 AM,23.94395
2/23/2019 4:00:00 AM,21.609763
2/23/2019 5:00:00 AM,22.588012
2/23/2019 6:00:00 AM,22.251147
2/23/2019 7:00:00 AM,22.1649
2/23/2019 8:00:00 AM,22.018017
2/23/2019 9:00:00 AM,21.907987
2/23/2019 10:00:00 AM,22.069161
2/23/2019 11:00:00 AM,24.315121
2/23/2019 12:00:00 PM,25.734669
2/23/2019 1:00:00 PM,27.37346
2/23/2019 2:00:00 PM,28.19835
2/23/2019 3:00:00 PM,28.335283
2/23/2019 4:00:00 PM,26.522961
2/23/2019 5:00:00 PM,25.849293
2/23/2019 6:00:00 PM,24.529873
2/23/2019 7:00:00 PM,23.965424
2/23/2019 8:00:00 PM,23.56969
2/23/2019 9:00:00 PM,23.877337
2/23/2019 10:00:00 PM,26.366671
2/23/2019 11:00:00 PM,28.270939
2/24/2019 12:00:00 AM,25.158812
2/24/2019 1:00:00 AM,24.329785
2/24/2019 2:00:00 AM,23.308681
2/24/2019 3:00:00 AM,21.674065
2/24/2019 4:00:00 AM,20.146266
2/24/2019 5:00:00 AM,19.308562
2/24/2019 6:00:00 AM,18.754844
2/24/2019 7:00:00 AM,18.50185
2/24/2019 8:00:00 AM,18.015915
2/24/2019 9:00:00 AM,18.008946
2/24/2019 10:00:00 AM,18.186916
2/24/2019 11:00:00 AM,18.907427
2/24/2019 12:00:00 PM,19.026356
2/24/2019 1:00:00 PM,20.663214
2/24/2019 2:00:00 PM,22.06223
2/24/2019 3:00:00 PM,22.522611
2/24/2019 4:00:00 PM,21.595394
2/24/2019 5:00:00 PM,21.236528
2/24/2019 6:00:00 PM,20.928311
2/24/2019 7:00:00 PM,20.351778
2/24/2019 8:00:00 PM,20.593316
2/24/2019 9:00:00 PM,21.038032
2/24/2019 10:00:00 PM,23.897603
2/24/2019 11:00:00 PM,28.17691
2/25/2019 12:00:00 AM,27.337935
2/25/2019 1:00:00 AM,26.31985
2/25/2019 2:00:00 AM,24.7446
2/25/2019 3:00:00 AM,23.422625
2/25/2019 4:00:00 AM,21.733884
2/25/2019 5:00:00 AM,22.479052
2/25/2019 6:00:00 AM,22.346895
2/25/2019 7:00:00 AM,22.447215
2/25/2019 8:00:00 AM,22.727283
2/25/2019 9:00:00 AM,23.525892
2/25/2019 10:00:00 AM,28.705051
2/25/2019 11:00:00 AM,40.222412
2/25/2019 12:00:00 PM,42.671948
2/25/2019 1:00:00 PM,35.583585
2/25/2019 2:00:00 PM,35.28938
2/25/2019 3:00:00 PM,32.036607
2/25/2019 4:00:00 PM,29.795522
2/25/2019 5:00:00 PM,27.342518
2/25/2019 6:00:00 PM,27.258176
2/25/2019 7:00:00 PM,26.44066
2/25/2019 8:00:00 PM,26.210379
2/25/2019 9:00:00 PM,27.109555
2/25/2019 10:00:00 PM,31.144912
2/25/2019 11:00:00 PM,38.801783
2/26/2019 12:00:00 AM,37.919862
2/26/2019 1:00:00 AM,39.209463
2/26/2019 2:00:00 AM,34.243065
2/26/2019 3:00:00 AM,29.534318
2/26/2019 4:00:00 AM,26.786574
2/26/2019 5:00:00 AM,26.172715
2/26/2019 6:00:00 AM,26.155457
2/26/2019 7:00:00 AM,26.179986
2/26/2019 8:00:00 AM,26.105844
2/26/2019 9:00:00 AM,27.36876
2/26/2019 10:00:00 AM,35.345807
2/26/2019 11:00:00 AM,44.47891
2/26/2019 12:00:00 PM,46.848672
2/26/2019 1:00:00 PM,38.751842
2/26/2019 2:00:00 PM,35.930897
2/26/2019 3:00:00 PM,35.337492
2/26/2019 4:00:00 PM,31.623488
2/26/2019 5:00:00 PM,29.350831
2/26/2019 6:00:00 PM,27.766683
2/26/2019 7:00:00 PM,26.657942
2/26/2019 8:00:00 PM,26.672669
2/26/2019 9:00:00 PM,27.1343
2/26/2019 10:00:00 PM,30.772017
2/26/2019 11:00:00 PM,37.646677
2/27/2019 12:00:00 AM,36.469507
2/27/2019 1:00:00 AM,35.243686
2/27/2019 2:00:00 AM,31.990289
2/27/2019 3:00:00 AM,28.034219
2/27/2019 4:00:00 AM,25.892885
2/27/2019 5:00:00 AM,26.36747
2/27/2019 6:00:00 AM,26.810413
2/27/2019 7:00:00 AM,26.782818
2/27/2019 8:00:00 AM,26.288332
2/27/2019 9:00:00 AM,27.428865
2/27/2019 10:00:00 AM,31.133953
2/27/2019 11:00:00 AM,43.366837
2/27/2019 12:00:00 PM,45.628509
2/27/2019 1:00:00 PM,39.654836
2/27/2019 2:00:00 PM,38.495178
2/27/2019 3:00:00 PM,40.689808
2/27/2019 4:00:00 PM,33.117494
2/27/2019 5:00:00 PM,29.484828
2/27/2019 6:00:00 PM,28.42624
2/27/2019 7:00:00 PM,27.425191
2/27/2019 8:00:00 PM,27.249321
2/27/2019 9:00:00 PM,27.994698
2/27/2019 10:00:00 PM,30.885824
2/27/2019 11:00:00 PM,39.444127
2/28/2019 12:00:00 AM,40.530334
2/28/2019 1:00:00 AM,33.831842
2/28/2019 2:00:00 AM,29.421268
2/28/2019 3:00:00 AM,26.950113
2/28/2019 4:00:00 AM,25.311349
2/28/2019 5:00:00 AM,25.077805
2/28/2019 6:00:00 AM,24.912732
2/28/2019 7:00:00 AM,24.518504
2/28/2019 8:00:00 AM,24.857784
2/28/2019 9:00:00 AM,25.084195
2/28/2019 10:00:00 AM,28.15226
2/28/2019 11:00:00 AM,38.30762
2/28/2019 12:00:00 PM,36.583181
2/28/2019 1:00:00 PM,34.933828
2/28/2019 2:00:00 PM,33.1261
2/28/2019 3:00:00 PM,32.794318
2/28/2019 4:00:00 PM,29.94357
2/28/2019 5:00:00 PM,28.175251
2/28/2019 6:00:00 PM,27.745538
2/28/2019 7:00:00 PM,27.253308
2/28/2019 8:00:00 PM,27.092138
2/28/2019 9:00:00 PM,27.85155
2/28/2019 10:00:00 PM,30.432204
2/28/2019 11:00:00 PM,38.193235
3/1/2019 12:00:00 AM,37.952449
3/1/2019 1:00:00 AM,34.883008
3/1/2019 2:00:00 AM,29.99111
3/1/2019 3:00:00 AM,27.339119
3/1/2019 4:00:00 AM,25.488453
3/1/2019 5:00:00 AM,27.305133
3/1/2019 6:00:00 AM,27.139
3/1/2019 7:00:00 AM,26.888555
3/1/2019 8:00:00 AM,26.870562
3/1/2019 9:00:00 AM,27.546295
3/1/2019 10:00:00 AM,29.373254
3/1/2019 11:00:00 AM,40.190743
3/1/2019 12:00:00 PM,41.83358
3/1/2019 1:00:00 PM,41.080868
3/1/2019 2:00:00 PM,39.31458
3/1/2019 3:00:00 PM,40.500268
3/1/2019 4:00:00 PM,39.209446
3/1/2019 5:00:00 PM,36.45126
3/1/2019 6:00:00 PM,35.658896
3/1/2019 7:00:00 PM,30.814344
3/1/2019 8:00:00 PM,29.505492
3/1/2019 9:00:00 PM,30.749979
3/1/2019 10:00:00 PM,32.510915
3/1/2019 11:00:00 PM,39.121612
3/2/2019 12:00:00 AM,41.328152
3/2/2019 1:00:00 AM,36.229958
3/2/2019 2:00:00 AM,32.593124
3/2/2019 3:00:00 AM,28.541055
3/2/2019 4:00:00 AM,27.350762
3/2/2019 5:00:00 AM,26.662735
3/2/2019 6:00:00 AM,25.809593
3/2/2019 7:00:00 AM,25.234049
3/2/2019 8:00:00 AM,24.829584
3/2/2019 9:00:00 AM,24.900565
3/2/2019 10:00:00 AM,25.133494
3/2/2019 11:00:00 AM,26.613947
3/2/2019 12:00:00 PM,27.585012
3/2/2019 1:00:00 PM,29.600336
3/2/2019 2:00:00 PM,30.25608
3/2/2019 3:00:00 PM,32.267827
3/2/2019 4:00:00 PM,29.693667
3/2/2019 5:00:00 PM,27.736994
3/2/2019 6:00:00 PM,26.26933
3/2/2019 7:00:00 PM,25.49014
3/2/2019 8:00:00 PM,25.162435
3/2/2019 9:00:00 PM,25.699645
3/2/2019 10:00:00 PM,27.096609
3/2/2019 11:00:00 PM,30.566836
3/3/2019 12:00:00 AM,29.675624
3/3/2019 1:00:00 AM,29.205093
3/3/2019 2:00:00 AM,27.738249
3/3/2019 3:00:00 AM,27.377977
3/3/2019 4:00:00 AM,26.599377
3/3/2019 5:00:00 AM,25.786651
3/3/2019 6:00:00 AM,25.337133
3/3/2019 7:00:00 AM,25.140924
3/3/2019 8:00:00 AM,24.548644
3/3/2019 9:00:00 AM,24.478824
3/3/2019 10:00:00 AM,24.463246
3/3/2019 11:00:00 AM,25.870493
3/3/2019 12:00:00 PM,26.21892
3/3/2019 1:00:00 PM,27.470244
3/3/2019 2:00:00 PM,28.885459
3/3/2019 3:00:00 PM,28.359082
3/3/2019 4:00:00 PM,27.928945
3/3/2019 5:00:00 PM,27.121706
3/3/2019 6:00:00 PM,26.876143
3/3/2019 7:00:00 PM,26.463666
3/3/2019 8:00:00 PM,26.575479
3/3/2019 9:00:00 PM,27.424267
3/3/2019 10:00:00 PM,31.783597
3/3/2019 11:00:00 PM,38.109072
3/4/2019 12:00:00 AM,37.744139
3/4/2019 1:00:00 AM,34.844569
3/4/2019 2:00:00 AM,31.833627
3/4/2019 3:00:00 AM,27.832073
3/4/2019 4:00:00 AM,26.834855
